,TD,YD,Release,Daily,%± YD,%± LW,Theaters,Avg,To Date,Days,Distributor,Date
0,1,-,IF,"$10,423,126",-,-,"4,041","$2,579","$10,423,126",1,Paramount Pictures,2024-05-17
1,2,1,Kingdom of the Planet of the Apes,"$6,829,062",+133.6%,-69.2%,"4,075","$1,675","$82,068,563",8,20th Century Studios,2024-05-17
2,3,-,The Strangers: Chapter 1,"$5,098,780",-,-,"2,856","$1,785","$5,098,780",1,Lionsgate Films,2024-05-17
3,4,2,The Fall Guy,"$2,350,055",+136.2%,-33.3%,"3,845",$611,"$56,886,900",15,Universal Pictures,2024-05-17
4,5,-,Back to Black,"$1,237,795",-,-,"2,010",$615,"$1,237,795",1,Focus Features,2024-05-17
5,6,3,Challengers,"$930,463",+69.6%,-42%,"1,938",$480,"$41,499,559",22,United Artists Releasing,2024-05-17
6,7,4,Tarot,"$571,748",+116.6%,-42.7%,"2,334",$244,"$14,005,064",15,Screen Gems,2024-05-17
7,8,15,I Saw the TV Glow,"$424,445","+1,365.8%",+404.5%,469,$905,"$904,267",15,A24,2024-05-17
8,9,-,The Blue Angels,"$422,802",-,-,227,"$1,862","$422,802",1,-,2024-05-17
9,10,8,Godzilla x Kong: The New Empire,"$402,299",+151.4%,-34.3%,"1,773",$226,"$193,097,312",50,Warner Bros.,2024-05-17
10,11,6,Unsung Hero,"$322,454",+98.9%,-38.3%,"1,736",$185,"$18,296,771",22,Lionsgate Films,2024-05-17
11,12,5,Civil War,"$272,440",+45.3%,-46.7%,"1,112",$245,"$66,497,985",36,A24,2024-05-17
12,13,9,Kung Fu Panda 4,"$228,990",+66.6%,-45%,"1,437",$159,"$191,938,180",71,Universal Pictures,2024-05-17
13,14,13,Ghostbusters: Frozen Empire,"$116,322",+160%,-49.7%,819,$142,"$111,822,630",57,Sony Pictures Releasing,2024-05-17
14,15,10,Abigail,"$114,045",+68.9%,-66.2%,694,$164,"$25,344,110",29,Universal Pictures,2024-05-17
15,16,11,The Ministry of Ungentlemanly Warfare,"$70,772",+24.9%,-62.2%,405,$174,"$20,158,105",29,Lionsgate Films,2024-05-17
16,17,-,Babes,"$67,614",-,-,12,"$5,634","$67,614",1,-,2024-05-17
17,18,16,Escape from Germany,"$47,520",+92%,-25.6%,89,$533,"$1,939,406",36,Susan Tuckett Media,2024-05-17
18,19,7,Star Wars: Episode I - The Phantom Menace2024 Re-release,"$40,044",-75.1%,-90.9%,330,$121,"$12,788,238",15,Walt Disney Studios Motion Pictures,2024-05-17
19,20,19,The First Omen,"$35,500",+322.6%,-22.4%,150,$236,"$19,960,332",43,Walt Disney Studios Motion Pictures,2024-05-17
20,21,-,Wicked Little Letters,"$19,679",-,-58%,132,$149,"$4,750,641",50,Sony Pictures Releasing,2024-05-17
21,22,17,Not Another Church Movie,"$7,851",-58.2%,-93.5%,228,$34,"$544,128",8,Briarcliff Entertainment,2024-05-17
22,23,23,The Long Game,"$6,719",+115.7%,-45.6%,40,$167,"$3,045,187",36,N/A,2024-05-17
23,24,20,Spy x Family Code: White,"$6,187",-22.8%,-63.5%,34,$181,"$8,054,390",29,Crunchyroll,2024-05-17
24,25,35,Late Night with the Devil,"$6,045",+803.6%,+63.8%,13,$465,"$9,960,472",57,IFC Films,2024-05-17
25,26,22,La Chimera,"$4,651",-18.2%,-36.6%,20,$232,"$793,020",50,-,2024-05-17
26,27,26,Force of Nature: The Dry 2,"$4,570",+55.6%,-60.5%,33,$138,"$58,690",8,IFC Films,2024-05-17
27,28,21,Dragonkeeper,"$3,923",-48.4%,-88.7%,128,$30,"$782,469",15,Viva Pictures,2024-05-17
28,29,34,Cabrini,"$2,820",+298.3%,+54.2%,20,$141,"$19,499,800",71,Angel Studios,2024-05-17
29,30,12,Columbia 100th Anniversary SeriesColumbia 100th Anniversary Series,"$2,509",-94.5%,-21%,466,$5,"$4,580,837",33,Sony Pictures Releasing,2024-05-17
30,31,24,Mars Express,"$1,737",-41.8%,-30.9%,9,$193,"$189,146",15,GKIDS,2024-05-17
31,32,31,The Lavender Hill Mob,$565,-39.6%,-65.4%,1,$565,"$9,664",8,Rialto Pictures,2024-05-17
32,33,28,The Boy and the Heron,$329,-80.9%,-6%,7,$47,"$46,830,517",162,GKIDS,2024-05-17
33,34,30,Boy Kills World,$207,-78.1%,-91.2%,7,$29,"$2,624,926",22,Roadside Attractions,2024-05-17
34,35,37,One from the Heart: Reprise2024 Re-release,$125,+5.9%,-,1,$125,"$60,999",120,Rialto Pictures,2024-05-17
35,36,29,Thabo and the Rhino Case,$63,-93.6%,-79%,2,$31,"$43,246",15,Purdie Distribution,2024-05-17
36,37,-,Accidental Texan,$18,-,-80.2%,1,$18,"$292,534",71,Roadside Attractions,2024-05-17
0,1,1,IF,"$14,006,940",+34.4%,-,"4,041","$3,466","$24,430,066",2,Paramount Pictures,2024-05-18
1,2,2,Kingdom of the Planet of the Apes,"$10,872,727",+59.2%,-45.6%,"4,075","$2,668","$92,941,290",9,20th Century Studios,2024-05-18
2,3,3,The Strangers: Chapter 1,"$4,069,567",-20.2%,-,"2,856","$1,424","$9,168,347",2,Lionsgate Films,2024-05-18
3,4,4,The Fall Guy,"$3,665,060",+56%,-30.7%,"3,845",$953,"$60,551,960",16,Universal Pictures,2024-05-18
4,5,6,Challengers,"$1,147,793",+23.4%,-32.6%,"1,938",$592,"$42,647,352",23,United Artists Releasing,2024-05-18
5,6,5,Back to Black,"$935,420",-24.4%,-,"2,010",$465,"$2,173,215",2,Focus Features,2024-05-18
6,7,7,Tarot,"$878,146",+53.6%,-40.3%,"2,334",$376,"$14,883,210",16,Screen Gems,2024-05-18
7,8,10,Godzilla x Kong: The New Empire,"$789,523",+96.3%,-31%,"1,773",$445,"$193,886,835",51,Warner Bros.,2024-05-18
8,9,9,The Blue Angels,"$507,812",+20.1%,-,227,"$2,237","$930,614",2,-,2024-05-18
9,10,11,Unsung Hero,"$445,928",+38.3%,-45.6%,"1,736",$256,"$18,742,699",23,Lionsgate Films,2024-05-18
10,11,13,Kung Fu Panda 4,"$445,470",+94.5%,-41%,"1,437",$310,"$192,383,650",72,Universal Pictures,2024-05-18
11,12,12,Civil War,"$444,077",+63%,-41.7%,"1,112",$399,"$66,942,062",37,A24,2024-05-18
12,13,8,I Saw the TV Glow,"$337,680",-20.4%,+432.5%,469,$720,"$1,241,947",16,A24,2024-05-18
13,14,14,Ghostbusters: Frozen Empire,"$219,476",+88.7%,-50.5%,819,$267,"$112,042,106",58,Sony Pictures Releasing,2024-05-18
14,15,15,Abigail,"$180,225",+58%,-63.8%,694,$259,"$25,524,335",30,Universal Pictures,2024-05-18
15,16,16,The Ministry of Ungentlemanly Warfare,"$109,140",+54.2%,-59.8%,405,$269,"$20,267,245",30,Lionsgate Films,2024-05-18
16,17,19,Star Wars: Episode I - The Phantom Menace2024 Re-release,"$70,946",+77.2%,-88.4%,330,$214,"$12,859,184",16,Walt Disney Studios Motion Pictures,2024-05-18
17,18,17,Babes,"$59,108",-12.6%,-,12,"$4,925","$126,722",2,-,2024-05-18
18,19,20,The First Omen,"$55,508",+56.4%,-7.1%,150,$370,"$20,015,840",44,Walt Disney Studios Motion Pictures,2024-05-18
19,20,18,Escape from Germany,"$51,263",+7.9%,-36.6%,89,$575,"$1,990,669",37,Susan Tuckett Media,2024-05-18
20,21,21,Wicked Little Letters,"$34,717",+76.4%,-50.6%,132,$263,"$4,785,358",51,Sony Pictures Releasing,2024-05-18
21,22,22,Not Another Church Movie,"$12,586",+60.3%,-90.3%,228,$55,"$556,714",9,Briarcliff Entertainment,2024-05-18
22,23,24,Spy x Family Code: White,"$12,505",+102.1%,-67%,34,$367,"$8,066,895",30,Crunchyroll,2024-05-18
23,24,28,Dragonkeeper,"$9,458",+141.1%,-88.7%,128,$73,"$791,927",16,Viva Pictures,2024-05-18
24,25,26,La Chimera,"$7,665",+64.8%,-22.6%,20,$383,"$800,685",51,-,2024-05-18
25,26,23,The Long Game,"$6,011",-10.5%,-50.3%,40,$150,"$3,051,198",37,N/A,2024-05-18
26,27,30,Columbia 100th Anniversary SeriesColumbia 100th Anniversary Series,"$3,035",+21%,-12.4%,466,$6,"$4,583,872",34,Sony Pictures Releasing,2024-05-18
27,28,29,Cabrini,"$1,164",-58.7%,-47%,20,$58,"$19,500,964",72,Angel Studios,2024-05-18
28,29,31,Mars Express,"$1,162",-33.1%,-67.6%,9,$129,"$190,308",16,GKIDS,2024-05-18
29,30,32,The Lavender Hill Mob,$688,+21.8%,-63.6%,1,$688,"$10,352",9,Rialto Pictures,2024-05-18
30,31,33,The Boy and the Heron,$534,+62.3%,-48.9%,7,$76,"$46,831,051",163,GKIDS,2024-05-18
31,32,-,Chicken for Linda!,$268,-,+53.1%,5,$53,"$20,643",44,GKIDS,2024-05-18
32,33,34,Boy Kills World,$188,-9.2%,-94.9%,7,$26,"$2,625,114",23,Roadside Attractions,2024-05-18
33,34,35,One from the Heart: Reprise2024 Re-release,$77,-38.4%,-,1,$77,"$61,076",121,Rialto Pictures,2024-05-18
34,35,37,Accidental Texan,$63,+250%,-,1,$63,"$292,597",72,Roadside Attractions,2024-05-18
35,36,36,Thabo and the Rhino Case,$17,-73%,-96.1%,2,$8,"$43,263",16,Purdie Distribution,2024-05-18
0,1,1,IF,"$9,285,735",-33.7%,-,"4,041","$2,297","$33,715,801",3,Paramount Pictures,2024-05-19
1,2,2,Kingdom of the Planet of the Apes,"$7,748,500",-28.7%,-52.4%,"4,075","$1,901","$100,689,790",10,20th Century Studios,2024-05-19
2,3,3,The Strangers: Chapter 1,"$2,656,711",-34.7%,-,"2,856",$930,"$11,825,058",3,Lionsgate Films,2024-05-19
3,4,4,The Fall Guy,"$2,335,525",-36.3%,-52.2%,"3,845",$607,"$62,887,485",17,Universal Pictures,2024-05-19
4,5,5,Challengers,"$789,087",-31.3%,-26.3%,"1,938",$407,"$43,436,439",24,United Artists Releasing,2024-05-19
5,6,6,Back to Black,"$662,505",-29.2%,-,"2,010",$329,"$2,835,720",3,Focus Features,2024-05-19
6,7,7,Tarot,"$567,872",-35.3%,-39.1%,"2,334",$243,"$15,451,082",17,Screen Gems,2024-05-19
7,8,8,Godzilla x Kong: The New Empire,"$484,014",-38.7%,-43.4%,"1,773",$272,"$194,370,849",52,Warner Bros.,2024-05-19
8,9,9,The Blue Angels,"$474,206",-6.6%,-,227,"$2,089","$1,404,820",3,-,2024-05-19
9,10,12,Civil War,"$333,058",-25%,-46%,"1,112",$299,"$67,275,120",38,A24,2024-05-19
10,11,10,Unsung Hero,"$266,692",-40.2%,-77.9%,"1,736",$153,"$19,009,391",24,Lionsgate Films,2024-05-19
11,12,11,Kung Fu Panda 4,"$250,895",-43.7%,-61.9%,"1,437",$174,"$192,634,545",73,Universal Pictures,2024-05-19
12,13,13,I Saw the TV Glow,"$239,753",-29%,+404%,469,$511,"$1,481,700",17,A24,2024-05-19
13,14,15,Abigail,"$108,225",-40%,-64.6%,694,$155,"$25,632,560",31,Universal Pictures,2024-05-19
14,15,14,Ghostbusters: Frozen Empire,"$104,410",-52.4%,-73.9%,819,$127,"$112,146,516",59,Sony Pictures Releasing,2024-05-19
15,16,16,The Ministry of Ungentlemanly Warfare,"$60,579",-44.5%,-73.8%,405,$149,"$20,327,824",31,Lionsgate Films,2024-05-19
16,17,17,Star Wars: Episode I - The Phantom Menace2024 Re-release,"$52,277",-26.3%,-86.5%,330,$158,"$12,911,461",17,Walt Disney Studios Motion Pictures,2024-05-19
17,18,19,The First Omen,"$37,127",-33.1%,+18.5%,150,$247,"$20,052,967",45,Walt Disney Studios Motion Pictures,2024-05-19
18,19,18,Babes,"$36,408",-38.4%,-,12,"$3,034","$163,130",3,-,2024-05-19
19,20,21,Wicked Little Letters,"$22,829",-34.2%,-76.7%,132,$172,"$4,808,187",52,Sony Pictures Releasing,2024-05-19
20,21,23,Spy x Family Code: White,"$10,995",-12.1%,-58.9%,34,$323,"$8,077,890",31,Crunchyroll,2024-05-19
21,22,20,Escape from Germany,"$7,142",-86.1%,-52.6%,89,$80,"$1,997,811",38,Susan Tuckett Media,2024-05-19
22,23,22,Not Another Church Movie,"$7,067",-43.9%,-95%,228,$30,"$563,781",10,Briarcliff Entertainment,2024-05-19
23,24,24,Dragonkeeper,"$6,164",-34.8%,-93.4%,128,$48,"$798,090",17,Viva Pictures,2024-05-19
24,25,25,La Chimera,"$4,593",-40.1%,-55%,20,$229,"$805,278",52,-,2024-05-19
25,26,26,The Long Game,"$3,409",-43.3%,-78.5%,40,$85,"$3,054,607",38,N/A,2024-05-19
26,27,27,Columbia 100th Anniversary SeriesColumbia 100th Anniversary Series,"$1,604",-47.1%,-9.3%,466,$3,"$4,585,476",35,Sony Pictures Releasing,2024-05-19
27,28,28,Cabrini,"$1,047",-10.1%,-60.1%,20,$52,"$19,502,011",73,Angel Studios,2024-05-19
28,29,29,Mars Express,$933,-19.7%,-76.8%,9,$103,"$191,241",17,GKIDS,2024-05-19
29,30,31,The Boy and the Heron,$718,+34.5%,-62%,7,$102,"$46,831,769",164,GKIDS,2024-05-19
30,31,30,The Lavender Hill Mob,$658,-4.4%,-67.2%,1,$658,"$11,010",10,Rialto Pictures,2024-05-19
31,32,32,Chicken for Linda!,$271,+1.1%,-62.2%,5,$54,"$20,914",45,GKIDS,2024-05-19
32,33,33,Boy Kills World,$207,+10.1%,-92.9%,7,$29,"$2,625,321",24,Roadside Attractions,2024-05-19
33,34,35,Accidental Texan,$60,-4.8%,-49.6%,1,$60,"$292,657",73,Roadside Attractions,2024-05-19
34,35,36,Thabo and the Rhino Case,$15,-11.8%,-96.5%,2,$7,"$43,278",17,Purdie Distribution,2024-05-19
0,1,1,IF,"$2,461,117",-73.5%,-,"4,041",$609,"$36,176,918",4,Paramount Pictures,2024-05-20
1,2,2,Kingdom of the Planet of the Apes,"$2,451,257",-68.4%,-45%,"4,075",$601,"$103,141,047",11,20th Century Studios,2024-05-20
2,3,3,The Strangers: Chapter 1,"$1,026,210",-61.4%,-,"2,856",$359,"$12,851,268",4,Lionsgate Films,2024-05-20
3,4,4,The Fall Guy,"$890,665",-61.9%,-15.9%,"3,845",$231,"$63,778,150",18,Universal Pictures,2024-05-20
4,5,5,Challengers,"$419,327",-46.9%,-36.3%,"1,938",$216,"$43,855,766",25,United Artists Releasing,2024-05-20
5,6,27,Columbia 100th Anniversary SeriesColumbia 100th Anniversary Series,"$288,135","+17,863.5%",-42.4%,466,$618,"$4,873,611",36,Sony Pictures Releasing,2024-05-20
6,7,6,Back to Black,"$274,295",-58.6%,-,"2,010",$136,"$3,110,015",4,Focus Features,2024-05-20
7,8,7,Tarot,"$222,487",-60.8%,-38.7%,"2,334",$95,"$15,673,569",18,Screen Gems,2024-05-20
8,9,9,The Blue Angels,"$193,128",-59.3%,-,227,$850,"$1,597,948",4,-,2024-05-20
9,10,13,I Saw the TV Glow,"$166,964",-30.4%,+500.7%,469,$356,"$1,648,664",18,A24,2024-05-20
10,11,8,Godzilla x Kong: The New Empire,"$145,385",-70%,-23.2%,"1,773",$81,"$194,516,234",53,Warner Bros.,2024-05-20
11,12,12,Kung Fu Panda 4,"$122,930",-51%,-29.3%,"1,437",$85,"$192,757,475",74,Universal Pictures,2024-05-20
12,13,10,Civil War,"$120,675",-63.8%,-44.1%,"1,112",$108,"$67,395,795",39,A24,2024-05-20
13,14,11,Unsung Hero,"$107,411",-59.7%,-46.1%,"1,736",$61,"$19,116,802",25,Lionsgate Films,2024-05-20
14,15,14,Abigail,"$38,970",-64%,-64.2%,694,$56,"$25,671,530",32,Universal Pictures,2024-05-20
15,16,15,Ghostbusters: Frozen Empire,"$35,167",-66.3%,-40%,819,$42,"$112,181,683",60,Sony Pictures Releasing,2024-05-20
16,17,22,Escape from Germany,"$30,249",+323.5%,-14%,89,$339,"$2,028,060",39,Susan Tuckett Media,2024-05-20
17,18,16,The Ministry of Ungentlemanly Warfare,"$24,537",-59.5%,-65.7%,405,$60,"$20,352,361",32,Lionsgate Films,2024-05-20
18,19,17,Star Wars: Episode I - The Phantom Menace2024 Re-release,"$20,026",-61.7%,-87.9%,330,$60,"$12,931,487",18,Walt Disney Studios Motion Pictures,2024-05-20
19,20,19,Babes,"$15,990",-56.1%,-,12,"$1,332","$179,120",4,-,2024-05-20
20,21,20,Wicked Little Letters,"$10,252",-55.1%,-,132,$77,"$4,818,439",53,Sony Pictures Releasing,2024-05-20
21,22,18,The First Omen,"$6,857",-81.5%,+3%,150,$45,"$20,059,824",46,Walt Disney Studios Motion Pictures,2024-05-20
22,23,21,Spy x Family Code: White,"$6,566",-40.3%,-37.8%,34,$193,"$8,084,456",32,Crunchyroll,2024-05-20
23,24,25,La Chimera,"$4,135",-10%,+3.9%,20,$206,"$809,413",53,-,2024-05-20
24,25,24,Dragonkeeper,"$3,439",-44.2%,-70.4%,128,$26,"$801,529",18,Viva Pictures,2024-05-20
25,26,23,Not Another Church Movie,"$3,028",-57.2%,-91.5%,228,$13,"$566,809",11,Briarcliff Entertainment,2024-05-20
26,27,26,The Long Game,"$1,686",-50.5%,-74.4%,40,$42,"$3,056,293",39,N/A,2024-05-20
27,28,32,Chicken for Linda!,$406,+49.8%,"+1,524%",5,$81,"$21,320",46,GKIDS,2024-05-20
28,29,30,The Boy and the Heron,$392,-45.4%,+107.4%,7,$56,"$46,832,161",165,GKIDS,2024-05-20
29,30,31,The Lavender Hill Mob,$345,-47.6%,-39%,1,$345,"$11,355",11,Rialto Pictures,2024-05-20
30,31,28,Cabrini,$303,-71.1%,-66%,20,$15,"$19,502,314",74,Angel Studios,2024-05-20
31,32,29,Mars Express,$111,-88.1%,-94.1%,9,$12,"$191,352",18,GKIDS,2024-05-20
32,33,35,Thabo and the Rhino Case,$88,+486.7%,-1.1%,2,$44,"$43,366",18,Purdie Distribution,2024-05-20
33,34,33,Boy Kills World,$77,-62.8%,-94.7%,7,$11,"$2,625,398",25,Roadside Attractions,2024-05-20
0,1,1,IF,"$2,862,407",+16.3%,-,"4,041",$708,"$39,039,325",5,Paramount Pictures,2024-05-21
1,2,2,Kingdom of the Planet of the Apes,"$2,853,469",+16.4%,-52.4%,"4,075",$700,"$105,994,516",12,20th Century Studios,2024-05-21
2,3,3,The Strangers: Chapter 1,"$1,174,802",+14.5%,-,"2,856",$411,"$14,026,070",5,Lionsgate Films,2024-05-21
3,4,4,The Fall Guy,"$1,066,010",+19.7%,-36.3%,"3,845",$277,"$64,844,160",19,Universal Pictures,2024-05-21
4,5,5,Challengers,"$518,091",+23.6%,-42.4%,"1,938",$267,"$44,373,857",26,United Artists Releasing,2024-05-21
5,6,7,Back to Black,"$357,910",+30.5%,-,"2,010",$178,"$3,467,925",5,Focus Features,2024-05-21
6,7,8,Tarot,"$239,835",+7.8%,-48.9%,"2,334",$102,"$15,913,404",19,Screen Gems,2024-05-21
7,8,9,The Blue Angels,"$207,364",+7.4%,-,227,$913,"$1,805,312",5,-,2024-05-21
8,9,10,I Saw the TV Glow,"$196,042",+17.4%,+640%,469,$418,"$1,844,706",19,A24,2024-05-21
9,10,14,Unsung Hero,"$181,238",+68.7%,-45.1%,"1,736",$104,"$19,298,040",26,Lionsgate Films,2024-05-21
10,11,11,Godzilla x Kong: The New Empire,"$153,616",+5.7%,-39.3%,"1,773",$86,"$194,669,850",54,Warner Bros.,2024-05-21
11,12,13,Civil War,"$132,221",+9.6%,-53.2%,"1,112",$118,"$67,528,016",40,A24,2024-05-21
12,13,12,Kung Fu Panda 4,"$98,375",-20%,-53.9%,"1,437",$68,"$192,855,850",75,Universal Pictures,2024-05-21
13,14,15,Abigail,"$42,365",+8.7%,-71.1%,694,$61,"$25,713,895",33,Universal Pictures,2024-05-21
14,15,6,Columbia 100th Anniversary SeriesColumbia 100th Anniversary Series,"$37,384",-87%,-49.3%,466,$80,"$4,910,995",37,Sony Pictures Releasing,2024-05-21
15,16,16,Ghostbusters: Frozen Empire,"$35,394",+0.6%,-60%,819,$43,"$112,217,077",61,Sony Pictures Releasing,2024-05-21
16,17,18,The Ministry of Ungentlemanly Warfare,"$34,915",+42.3%,-64.9%,405,$86,"$20,387,276",33,Lionsgate Films,2024-05-21
17,18,17,Escape from Germany,"$31,734",+4.9%,-24.5%,89,$356,"$2,059,794",40,Susan Tuckett Media,2024-05-21
18,19,19,Star Wars: Episode I - The Phantom Menace2024 Re-release,"$19,929",-0.5%,-90.4%,330,$60,"$12,951,416",19,Walt Disney Studios Motion Pictures,2024-05-21
19,20,20,Babes,"$19,247",+20.4%,-,12,"$1,603","$198,367",5,-,2024-05-21
20,21,21,Wicked Little Letters,"$11,706",+14.2%,-,132,$88,"$4,830,145",54,Sony Pictures Releasing,2024-05-21
21,22,26,Not Another Church Movie,"$4,892",+61.6%,-90.9%,228,$21,"$571,701",12,Briarcliff Entertainment,2024-05-21
22,23,23,Spy x Family Code: White,"$4,728",-28%,-65.5%,34,$139,"$8,089,184",33,Crunchyroll,2024-05-21
23,24,24,La Chimera,"$4,064",-1.7%,-3.6%,20,$203,"$813,477",54,-,2024-05-21
24,25,27,The Long Game,"$3,747",+122.2%,-49.7%,40,$93,"$3,060,040",40,N/A,2024-05-21
25,26,25,Dragonkeeper,"$3,562",+3.6%,-80.9%,128,$27,"$805,091",19,Viva Pictures,2024-05-21
26,27,22,The First Omen,"$3,277",-52.2%,-63.9%,150,$21,"$20,063,101",47,Walt Disney Studios Motion Pictures,2024-05-21
27,28,30,The Lavender Hill Mob,$547,+58.6%,-51.5%,1,$547,"$11,902",12,Rialto Pictures,2024-05-21
28,29,32,Mars Express,$338,+204.5%,-85.3%,9,$37,"$191,690",19,GKIDS,2024-05-21
29,30,31,Cabrini,$252,-16.8%,-54%,20,$12,"$19,502,566",75,Angel Studios,2024-05-21
30,31,28,Chicken for Linda!,$122,-70%,-39.9%,5,$24,"$21,442",47,GKIDS,2024-05-21
31,32,34,Boy Kills World,$108,+40.3%,-94%,7,$15,"$2,625,506",26,Roadside Attractions,2024-05-21
32,33,29,The Boy and the Heron,$45,-88.5%,-91.8%,7,$6,"$46,832,206",166,GKIDS,2024-05-21
33,34,33,Thabo and the Rhino Case,$10,-88.6%,-92.1%,2,$5,"$43,376",19,Purdie Distribution,2024-05-21
0,1,2,Kingdom of the Planet of the Apes,"$1,835,501",-35.7%,-47.1%,"4,075",$450,"$107,830,017",13,20th Century Studios,2024-05-22
1,2,1,IF,"$1,803,707",-37%,-,"4,041",$446,"$40,843,032",6,Paramount Pictures,2024-05-22
2,3,3,The Strangers: Chapter 1,"$846,388",-28%,-,"2,856",$296,"$14,872,458",6,Lionsgate Films,2024-05-22
3,4,4,The Fall Guy,"$739,410",-30.6%,-33.6%,"3,845",$192,"$65,583,570",20,Universal Pictures,2024-05-22
4,5,5,Challengers,"$403,540",-22.1%,-42.1%,"1,938",$208,"$44,777,397",27,United Artists Releasing,2024-05-22
5,6,6,Back to Black,"$234,440",-34.5%,-,"2,010",$116,"$3,702,365",6,Focus Features,2024-05-22
6,7,7,Tarot,"$217,154",-9.5%,-41.4%,"2,334",$93,"$16,130,558",20,Screen Gems,2024-05-22
7,8,8,The Blue Angels,"$174,838",-15.7%,-,227,$770,"$1,980,150",6,-,2024-05-22
8,9,9,I Saw the TV Glow,"$167,902",-14.4%,+482.8%,469,$358,"$2,012,608",20,A24,2024-05-22
9,10,11,Godzilla x Kong: The New Empire,"$130,205",-15.2%,-29.5%,"1,773",$73,"$194,800,055",55,Warner Bros.,2024-05-22
10,11,10,Unsung Hero,"$119,858",-33.9%,-39.3%,"1,736",$69,"$19,417,898",27,Lionsgate Films,2024-05-22
11,12,12,Civil War,"$101,358",-23.3%,-57.8%,"1,112",$91,"$67,629,374",41,A24,2024-05-22
12,13,13,Kung Fu Panda 4,"$90,035",-8.5%,-50.7%,"1,437",$62,"$192,945,885",76,Universal Pictures,2024-05-22
13,14,14,Abigail,"$38,490",-9.1%,-66.1%,694,$55,"$25,752,385",34,Universal Pictures,2024-05-22
14,15,16,Ghostbusters: Frozen Empire,"$32,929",-7%,-48.5%,819,$40,"$112,250,006",62,Sony Pictures Releasing,2024-05-22
15,16,17,The Ministry of Ungentlemanly Warfare,"$29,057",-16.8%,-63.6%,405,$71,"$20,416,333",34,Lionsgate Films,2024-05-22
16,17,15,Columbia 100th Anniversary SeriesColumbia 100th Anniversary Series,"$25,582",-31.6%,-48.9%,466,$54,"$4,936,577",38,Sony Pictures Releasing,2024-05-22
17,18,18,Escape from Germany,"$22,291",-29.8%,-16.9%,89,$250,"$2,082,085",41,Susan Tuckett Media,2024-05-22
18,19,19,Star Wars: Episode I - The Phantom Menace2024 Re-release,"$21,431",+7.5%,-89.4%,330,$64,"$12,972,847",20,Walt Disney Studios Motion Pictures,2024-05-22
19,20,20,Babes,"$17,195",-10.7%,-,12,"$1,432","$215,562",6,-,2024-05-22
20,21,21,Wicked Little Letters,"$10,675",-8.8%,-,132,$80,"$4,840,820",55,Sony Pictures Releasing,2024-05-22
21,22,24,La Chimera,"$4,847",+19.3%,-30.4%,20,$242,"$818,324",55,-,2024-05-22
22,23,23,Spy x Family Code: White,"$4,574",-3.3%,-65.4%,34,$134,"$8,093,758",34,Crunchyroll,2024-05-22
23,24,22,Not Another Church Movie,"$3,002",-38.6%,-91.6%,228,$13,"$574,703",13,Briarcliff Entertainment,2024-05-22
24,25,27,The First Omen,"$2,313",-29.4%,-55.2%,150,$15,"$20,065,414",48,Walt Disney Studios Motion Pictures,2024-05-22
25,26,29,Mars Express,$675,+99.7%,-72.6%,9,$75,"$192,365",20,GKIDS,2024-05-22
26,27,34,Thabo and the Rhino Case,$550,"+5,400%",-23.3%,2,$275,"$43,926",20,Purdie Distribution,2024-05-22
27,28,30,Cabrini,$408,+61.9%,-29.4%,20,$20,"$19,502,974",76,Angel Studios,2024-05-22
28,29,28,The Lavender Hill Mob,$284,-48.1%,-70%,1,$284,"$12,186",13,Rialto Pictures,2024-05-22
29,30,33,The Boy and the Heron,$129,+186.7%,-82.2%,7,$18,"$46,832,335",167,GKIDS,2024-05-22
30,31,32,Boy Kills World,$72,-33.3%,-95.4%,7,$10,"$2,625,578",27,Roadside Attractions,2024-05-22
0,1,2,IF,"$1,723,760",-4.4%,-,"4,041",$426,"$42,566,792",7,Paramount Pictures,2024-05-23
1,2,1,Kingdom of the Planet of the Apes,"$1,619,235",-11.8%,-44.6%,"4,075",$397,"$109,449,252",14,20th Century Studios,2024-05-23
2,3,3,The Strangers: Chapter 1,"$861,530",+1.8%,-,"2,856",$301,"$15,733,988",7,Lionsgate Films,2024-05-23
3,4,4,The Fall Guy,"$707,815",-4.3%,-28.8%,"3,845",$184,"$66,291,385",21,Universal Pictures,2024-05-23
4,5,5,Challengers,"$317,363",-21.4%,-42.2%,"1,938",$163,"$45,094,760",28,United Artists Releasing,2024-05-23
5,6,6,Back to Black,"$196,655",-16.1%,-,"2,010",$97,"$3,899,020",7,Focus Features,2024-05-23
6,7,7,Tarot,"$148,131",-31.8%,-43.9%,"2,334",$63,"$16,278,689",21,Screen Gems,2024-05-23
7,8,9,I Saw the TV Glow,"$131,320",-21.8%,+353.5%,469,$280,"$2,143,928",21,A24,2024-05-23
8,9,10,Godzilla x Kong: The New Empire,"$106,578",-18.1%,-33.4%,"1,773",$60,"$194,906,633",56,Warner Bros.,2024-05-23
9,10,8,The Blue Angels,"$102,177",-41.6%,-,227,$450,"$2,082,327",7,-,2024-05-23
10,11,11,Unsung Hero,"$95,791",-20.1%,-40.9%,"1,736",$55,"$19,513,689",28,Lionsgate Films,2024-05-23
11,12,12,Civil War,"$82,564",-18.5%,-56%,"1,112",$74,"$67,711,938",42,A24,2024-05-23
12,13,13,Kung Fu Panda 4,"$72,480",-19.5%,-47.3%,"1,437",$50,"$193,018,365",77,Universal Pictures,2024-05-23
13,14,14,Abigail,"$28,605",-25.7%,-57.6%,694,$41,"$25,780,990",35,Universal Pictures,2024-05-23
14,15,15,Ghostbusters: Frozen Empire,"$24,763",-24.8%,-44.7%,819,$30,"$112,274,769",63,Sony Pictures Releasing,2024-05-23
15,16,17,Columbia 100th Anniversary SeriesColumbia 100th Anniversary Series,"$24,320",-4.9%,-46.3%,466,$52,"$4,960,897",39,Sony Pictures Releasing,2024-05-23
16,17,16,The Ministry of Ungentlemanly Warfare,"$18,267",-37.1%,-67.8%,405,$45,"$20,434,600",35,Lionsgate Films,2024-05-23
17,18,18,Escape from Germany,"$17,144",-23.1%,-30.7%,89,$192,"$2,099,229",42,Susan Tuckett Media,2024-05-23
18,19,19,Star Wars: Episode I - The Phantom Menace2024 Re-release,"$13,029",-39.2%,-91.9%,330,$39,"$12,985,876",21,Walt Disney Studios Motion Pictures,2024-05-23
19,20,21,Wicked Little Letters,"$12,938",+21.2%,-,132,$98,"$4,853,758",56,Sony Pictures Releasing,2024-05-23
20,21,20,Babes,"$12,237",-28.8%,-,12,"$1,019","$227,799",7,-,2024-05-23
21,22,25,The First Omen,"$4,223",+82.6%,-49.7%,150,$28,"$20,069,637",49,Walt Disney Studios Motion Pictures,2024-05-23
22,23,22,La Chimera,"$3,546",-26.8%,-37.6%,20,$177,"$821,870",56,-,2024-05-23
23,24,23,Spy x Family Code: White,"$3,217",-29.7%,-59.8%,34,$94,"$8,096,975",35,Crunchyroll,2024-05-23
24,25,24,Not Another Church Movie,"$1,540",-48.7%,-91.8%,228,$6,"$576,243",14,Briarcliff Entertainment,2024-05-23
25,26,28,Cabrini,"$1,436",+252%,+102.8%,20,$71,"$19,504,410",77,Angel Studios,2024-05-23
26,27,26,Mars Express,"$1,224",+81.3%,-59%,9,$136,"$193,589",21,GKIDS,2024-05-23
27,28,30,The Boy and the Heron,$532,+312.4%,-69.1%,7,$76,"$46,832,867",168,GKIDS,2024-05-23
28,29,29,The Lavender Hill Mob,$380,+33.8%,-59.4%,1,$380,"$12,566",14,Rialto Pictures,2024-05-23
29,30,31,Boy Kills World,$73,+1.4%,-92.3%,7,$10,"$2,625,651",28,Roadside Attractions,2024-05-23
30,31,-,Chicken for Linda!,$58,-,-90%,5,$11,"$21,500",49,GKIDS,2024-05-23
31,32,-,Accidental Texan,$30,-,-,1,$30,"$292,687",77,Roadside Attractions,2024-05-23
32,33,27,Thabo and the Rhino Case,$10,-98.2%,-99%,2,$5,"$43,936",21,Purdie Distribution,2024-05-23
0,1,-,Furiosa: A Mad Max Saga,"$10,356,086",-,-,"3,804","$2,722","$10,356,086",1,Warner Bros.,2024-05-24
1,2,-,The Garfield Movie,"$8,405,671",-,-,"4,035","$2,083","$8,405,671",1,Sony Pictures Releasing,2024-05-24
2,3,1,IF,"$4,316,578",+150.4%,-58.6%,"4,068","$1,061","$46,883,370",8,Paramount Pictures,2024-05-24
3,4,2,Kingdom of the Planet of the Apes,"$3,397,667",+109.8%,-50.2%,"3,550",$957,"$112,846,919",15,20th Century Studios,2024-05-24
4,5,3,The Strangers: Chapter 1,"$1,652,175",+91.8%,-67.6%,"2,856",$578,"$17,386,163",8,Lionsgate Films,2024-05-24
5,6,4,The Fall Guy,"$1,622,520",+129.2%,-31%,"2,955",$549,"$67,913,905",22,Universal Pictures,2024-05-24
6,7,-,Sight,"$1,100,125",-,-,"2,100",$523,"$1,100,125",1,Angel Studios,2024-05-24
7,8,21,Babes,"$480,898","+3,829.9%",+611.2%,595,$808,"$708,697",8,-,2024-05-24
8,9,5,Challengers,"$438,693",+38.2%,-52.9%,"1,089",$402,"$45,533,453",29,United Artists Releasing,2024-05-24
9,10,6,Back to Black,"$305,670",+55.4%,-75.3%,"2,013",$151,"$4,204,690",8,Focus Features,2024-05-24
10,11,7,Tarot,"$204,964",+38.4%,-64.2%,864,$237,"$16,483,653",22,Screen Gems,2024-05-24
11,12,8,I Saw the TV Glow,"$157,552",+20%,-62.9%,458,$344,"$2,301,480",22,A24,2024-05-24
12,13,9,Godzilla x Kong: The New Empire,"$145,744",+36.7%,-63.8%,664,$219,"$195,052,377",57,Warner Bros.,2024-05-24
13,14,15,Ghostbusters: Frozen Empire,"$130,320",+426.3%,+12%,228,$571,"$112,405,089",64,Sony Pictures Releasing,2024-05-24
14,15,11,Unsung Hero,"$80,163",-16.3%,-75.1%,530,$151,"$19,593,852",29,Lionsgate Films,2024-05-24
15,16,12,Civil War,"$78,950",-4.4%,-71%,451,$175,"$67,790,888",43,A24,2024-05-24
16,17,10,The Blue Angels,"$63,257",-38.1%,-85%,450,$140,"$2,145,584",8,-,2024-05-24
17,18,13,Kung Fu Panda 4,"$61,575",-15%,-73.1%,485,$126,"$193,079,940",78,Universal Pictures,2024-05-24
18,19,18,Escape from Germany,"$25,857",+50.8%,-45.6%,45,$574,"$2,125,086",43,Susan Tuckett Media,2024-05-24
19,20,14,Abigail,"$16,835",-41.1%,-85.2%,109,$154,"$25,797,825",36,Universal Pictures,2024-05-24
20,21,17,The Ministry of Ungentlemanly Warfare,"$13,589",-25.6%,-80.8%,100,$135,"$20,448,189",36,Lionsgate Films,2024-05-24
21,22,19,Star Wars: Episode I - The Phantom Menace2024 Re-release,"$9,544",-26.7%,-76.2%,70,$136,"$12,995,420",22,Walt Disney Studios Motion Pictures,2024-05-24
22,23,22,The First Omen,"$8,068",+91%,-77.3%,75,$107,"$20,077,705",50,Walt Disney Studios Motion Pictures,2024-05-24
23,24,23,La Chimera,"$5,019",+41.5%,+7.9%,15,$334,"$826,889",57,-,2024-05-24
24,25,-,Late Night with the Devil,"$2,360",-,-61%,8,$295,"$9,962,832",64,IFC Films,2024-05-24
25,26,16,Columbia 100th Anniversary SeriesColumbia 100th Anniversary Series,"$1,647",-93.2%,-34.4%,466,$3,"$4,962,544",40,Sony Pictures Releasing,2024-05-24
26,27,24,Spy x Family Code: White,"$1,549",-51.8%,-75%,10,$154,"$8,098,524",36,Crunchyroll,2024-05-24
27,28,29,The Lavender Hill Mob,$440,+15.8%,-22.1%,2,$220,"$13,006",15,Rialto Pictures,2024-05-24
28,29,26,Cabrini,$437,-69.6%,-84.5%,4,$109,"$19,504,847",78,Angel Studios,2024-05-24
29,30,30,Boy Kills World,$14,-80.8%,-93.2%,4,$3,"$2,625,665",29,Roadside Attractions,2024-05-24
0,1,1,Furiosa: A Mad Max Saga,"$8,351,559",-19.4%,-,"3,804","$2,195","$18,707,645",2,Warner Bros.,2024-05-25
1,2,2,The Garfield Movie,"$8,226,095",-2.1%,-,"4,035","$2,038","$16,631,766",2,Sony Pictures Releasing,2024-05-25
2,3,3,IF,"$6,132,295",+42.1%,-56.2%,"4,068","$1,507","$53,015,665",9,Paramount Pictures,2024-05-25
3,4,4,Kingdom of the Planet of the Apes,"$5,094,980",+50%,-53.1%,"3,550","$1,435","$117,941,899",16,20th Century Studios,2024-05-25
4,5,6,The Fall Guy,"$2,292,560",+41.3%,-37.4%,"2,955",$775,"$70,206,465",23,Universal Pictures,2024-05-25
5,6,5,The Strangers: Chapter 1,"$2,078,248",+25.8%,-48.9%,"2,856",$727,"$19,464,411",9,Lionsgate Films,2024-05-25
6,7,7,Sight,"$886,677",-19.4%,-,"2,100",$422,"$1,986,802",2,Angel Studios,2024-05-25
7,8,9,Challengers,"$482,574",+10%,-58%,"1,089",$443,"$46,016,027",30,United Artists Releasing,2024-05-25
8,9,10,Back to Black,"$399,710",+30.8%,-57.3%,"2,013",$198,"$4,604,400",9,Focus Features,2024-05-25
9,10,8,Babes,"$299,877",-37.6%,+407.3%,595,$503,"$1,008,574",9,-,2024-05-25
10,11,11,Tarot,"$292,079",+42.5%,-66.7%,864,$338,"$16,775,732",23,Screen Gems,2024-05-25
11,12,13,Godzilla x Kong: The New Empire,"$245,874",+68.7%,-68.9%,664,$370,"$195,298,251",58,Warner Bros.,2024-05-25
12,13,12,I Saw the TV Glow,"$182,742",+16%,-45.9%,458,$399,"$2,484,222",23,A24,2024-05-25
13,14,14,Ghostbusters: Frozen Empire,"$182,381",+39.9%,-16.9%,228,$799,"$112,587,470",65,Sony Pictures Releasing,2024-05-25
14,15,16,Civil War,"$116,846",+48%,-73.7%,451,$259,"$67,907,734",44,A24,2024-05-25
15,16,15,Unsung Hero,"$109,378",+36.4%,-75.5%,530,$206,"$19,703,230",30,Lionsgate Films,2024-05-25
16,17,18,Kung Fu Panda 4,"$93,385",+51.7%,-79%,485,$192,"$193,173,325",79,Universal Pictures,2024-05-25
17,18,17,The Blue Angels,"$81,763",+29.3%,-83.9%,450,$181,"$2,227,347",9,-,2024-05-25
18,19,19,Escape from Germany,"$43,917",+69.8%,-14.3%,49,$896,"$2,169,003",44,Susan Tuckett Media,2024-05-25
19,20,20,Abigail,"$23,080",+37.1%,-87.2%,109,$211,"$25,820,905",37,Universal Pictures,2024-05-25
20,21,21,The Ministry of Ungentlemanly Warfare,"$22,528",+65.8%,-79.4%,100,$225,"$20,470,717",37,Lionsgate Films,2024-05-25
21,22,22,Star Wars: Episode I - The Phantom Menace2024 Re-release,"$10,855",+13.7%,-84.7%,70,$155,"$13,006,275",23,Walt Disney Studios Motion Pictures,2024-05-25
22,23,23,The First Omen,"$9,098",+12.8%,-83.6%,75,$121,"$20,086,803",51,Walt Disney Studios Motion Pictures,2024-05-25
23,24,24,La Chimera,"$5,698",+13.5%,-25.7%,15,$379,"$832,587",58,-,2024-05-25
24,25,27,Spy x Family Code: White,"$2,994",+93.3%,-76.1%,10,$299,"$8,101,518",37,Crunchyroll,2024-05-25
25,26,-,Thabo and the Rhino Case,"$2,066",-,"+12,052.9%",2,"$1,033","$46,002",23,Purdie Distribution,2024-05-25
26,27,26,Columbia 100th Anniversary SeriesColumbia 100th Anniversary Series,"$1,203",-27%,-60.4%,466,$2,"$4,963,747",41,Sony Pictures Releasing,2024-05-25
27,28,28,The Lavender Hill Mob,"$1,084",+146.4%,+57.6%,2,$542,"$14,090",16,Rialto Pictures,2024-05-25
28,29,29,Cabrini,$417,-4.6%,-64.2%,4,$104,"$19,505,264",79,Angel Studios,2024-05-25
29,30,30,Boy Kills World,$30,+114.3%,-84%,4,$7,"$2,625,695",30,Roadside Attractions,2024-05-25
0,1,1,Furiosa: A Mad Max Saga,"$7,618,817",-8.8%,-,"3,804","$2,002","$26,326,462",3,Warner Bros.,2024-05-26
1,2,2,The Garfield Movie,"$7,374,863",-10.3%,-,"4,035","$1,827","$24,006,629",3,Sony Pictures Releasing,2024-05-26
2,3,3,IF,"$5,696,931",-7.1%,-38.6%,"4,068","$1,400","$58,712,596",10,Paramount Pictures,2024-05-26
3,4,4,Kingdom of the Planet of the Apes,"$4,897,496",-3.9%,-36.8%,"3,550","$1,379","$122,839,395",17,20th Century Studios,2024-05-26
4,5,5,The Fall Guy,"$2,058,135",-10.2%,-11.9%,"2,955",$696,"$72,264,600",24,Universal Pictures,2024-05-26
5,6,6,The Strangers: Chapter 1,"$1,850,747",-10.9%,-30.3%,"2,856",$648,"$21,315,158",10,Lionsgate Films,2024-05-26
6,7,7,Sight,"$808,645",-8.8%,-,"2,100",$385,"$2,795,447",3,Angel Studios,2024-05-26
7,8,8,Challengers,"$493,358",+2.2%,-37.5%,"1,089",$453,"$46,509,385",31,United Artists Releasing,2024-05-26
8,9,9,Back to Black,"$381,965",-4.4%,-42.3%,"2,013",$189,"$4,986,365",10,Focus Features,2024-05-26
9,10,10,Babes,"$278,886",-7%,+666%,595,$468,"$1,287,460",10,-,2024-05-26
10,11,11,Tarot,"$263,207",-9.9%,-53.7%,864,$304,"$17,038,939",24,Screen Gems,2024-05-26
11,12,12,Godzilla x Kong: The New Empire,"$211,531",-14%,-56.3%,664,$318,"$195,509,782",59,Warner Bros.,2024-05-26
12,13,13,I Saw the TV Glow,"$173,605",-5%,-27.6%,458,$379,"$2,657,827",24,A24,2024-05-26
13,14,15,Civil War,"$111,004",-5%,-66.7%,451,$246,"$68,018,738",45,A24,2024-05-26
14,15,16,Unsung Hero,"$107,730",-1.5%,-59.6%,530,$203,"$19,810,960",31,Lionsgate Films,2024-05-26
15,16,14,Ghostbusters: Frozen Empire,"$102,495",-43.8%,-1.8%,228,$449,"$112,689,965",66,Sony Pictures Releasing,2024-05-26
16,17,17,Kung Fu Panda 4,"$81,930",-12.3%,-67.3%,485,$168,"$193,255,255",80,Universal Pictures,2024-05-26
17,18,18,The Blue Angels,"$78,549",-3.9%,-83.4%,450,$174,"$2,305,896",10,-,2024-05-26
18,19,21,The Ministry of Ungentlemanly Warfare,"$23,872",+6%,-60.6%,100,$238,"$20,494,589",38,Lionsgate Films,2024-05-26
19,20,20,Abigail,"$17,940",-22.3%,-83.4%,109,$164,"$25,838,845",38,Universal Pictures,2024-05-26
20,21,22,Star Wars: Episode I - The Phantom Menace2024 Re-release,"$10,000",-7.9%,-80.9%,70,$142,"$13,016,275",24,Walt Disney Studios Motion Pictures,2024-05-26
21,22,24,La Chimera,"$7,087",+24.4%,+54.3%,15,$472,"$839,674",59,-,2024-05-26
22,23,23,The First Omen,"$4,500",-50.5%,-87.9%,75,$60,"$20,091,303",52,Walt Disney Studios Motion Pictures,2024-05-26
23,24,19,Escape from Germany,"$4,366",-90.1%,-38.9%,49,$89,"$2,173,369",45,Susan Tuckett Media,2024-05-26
24,25,25,Spy x Family Code: White,"$3,367",+12.5%,-69.4%,10,$336,"$8,104,885",38,Crunchyroll,2024-05-26
25,26,27,Columbia 100th Anniversary SeriesColumbia 100th Anniversary Series,"$1,565",+30.1%,-2.4%,466,$3,"$4,965,312",42,Sony Pictures Releasing,2024-05-26
26,27,28,The Lavender Hill Mob,$696,-35.8%,+5.8%,2,$348,"$14,786",17,Rialto Pictures,2024-05-26
27,28,29,Cabrini,$490,+17.5%,-53.2%,4,$122,"$19,505,754",80,Angel Studios,2024-05-26
28,29,30,Boy Kills World,$265,+783.3%,+28%,4,$66,"$2,625,960",31,Roadside Attractions,2024-05-26
0,1,2,The Garfield Movie,"$7,249,276",-1.7%,-,"4,035","$1,796","$31,255,905",4,Sony Pictures Releasing,2024-05-27
1,2,3,IF,"$6,163,496",+8.2%,+150.4%,"4,068","$1,515","$64,876,092",11,Paramount Pictures,2024-05-27
2,3,1,Furiosa: A Mad Max Saga,"$6,016,683",-21%,-,"3,804","$1,581","$32,343,145",4,Warner Bros.,2024-05-27
3,4,4,Kingdom of the Planet of the Apes,"$4,228,878",-13.7%,+72.5%,"3,550","$1,191","$127,068,273",18,20th Century Studios,2024-05-27
4,5,5,The Fall Guy,"$1,927,250",-6.4%,+116.4%,"2,955",$652,"$74,191,850",25,Universal Pictures,2024-05-27
5,6,6,The Strangers: Chapter 1,"$1,435,206",-22.5%,+39.9%,"2,856",$502,"$22,750,364",11,Lionsgate Films,2024-05-27
6,7,7,Sight,"$962,821",+19.1%,-,"2,100",$458,"$3,758,268",4,Angel Studios,2024-05-27
7,8,8,Challengers,"$481,265",-2.5%,+14.8%,"1,089",$441,"$46,990,650",32,United Artists Releasing,2024-05-27
8,9,9,Back to Black,"$351,730",-7.9%,+28.2%,"2,013",$174,"$5,338,095",11,Focus Features,2024-05-27
9,10,26,Columbia 100th Anniversary SeriesColumbia 100th Anniversary Series,"$268,187","+17,036.5%",-6.9%,466,$575,"$5,233,499",43,Sony Pictures Releasing,2024-05-27
10,11,10,Babes,"$250,997",-10%,"+1,469.7%",595,$421,"$1,538,457",11,-,2024-05-27
11,12,11,Tarot,"$181,178",-31.2%,-18.6%,864,$209,"$17,220,117",25,Screen Gems,2024-05-27
12,13,12,Godzilla x Kong: The New Empire,"$172,533",-18.4%,+18.7%,664,$259,"$195,682,315",60,Warner Bros.,2024-05-27
13,14,15,Unsung Hero,"$140,910",+30.8%,+31.2%,530,$265,"$19,951,870",32,Lionsgate Films,2024-05-27
14,15,13,I Saw the TV Glow,"$128,468",-26%,-23.1%,458,$280,"$2,786,294",25,A24,2024-05-27
15,16,18,The Blue Angels,"$102,354",+30.3%,-47%,450,$227,"$2,408,250",11,-,2024-05-27
16,17,17,Kung Fu Panda 4,"$87,430",+6.7%,-28.9%,485,$180,"$193,342,685",81,Universal Pictures,2024-05-27
17,18,14,Civil War,"$86,583",-22%,-28.3%,451,$191,"$68,105,320",46,A24,2024-05-27
18,19,24,Escape from Germany,"$49,447","+1,032.5%",+63.5%,49,"$1,009","$2,222,816",46,Susan Tuckett Media,2024-05-27
19,20,16,Ghostbusters: Frozen Empire,"$24,582",-76%,-30.1%,228,$107,"$112,714,547",67,Sony Pictures Releasing,2024-05-27
20,21,19,The Ministry of Ungentlemanly Warfare,"$21,807",-8.7%,-11.1%,100,$218,"$20,516,396",39,Lionsgate Films,2024-05-27
21,22,20,Abigail,"$12,685",-29.3%,-67.4%,109,$116,"$25,851,530",39,Universal Pictures,2024-05-27
22,23,22,La Chimera,"$7,497",+5.8%,+81.3%,15,$499,"$847,171",60,-,2024-05-27
23,24,21,Star Wars: Episode I - The Phantom Menace2024 Re-release,"$7,429",-25.7%,-62.9%,70,$106,"$13,023,704",25,Walt Disney Studios Motion Pictures,2024-05-27
24,25,25,Spy x Family Code: White,"$2,170",-35.6%,-67%,10,$217,"$8,107,055",39,Crunchyroll,2024-05-27
25,26,23,The First Omen,"$1,102",-75.5%,-83.9%,75,$14,"$20,092,405",53,Walt Disney Studios Motion Pictures,2024-05-27
26,27,27,The Lavender Hill Mob,$631,-9.3%,+82.9%,2,$315,"$15,417",18,Rialto Pictures,2024-05-27
27,28,28,Cabrini,$594,+21.2%,+96%,4,$148,"$19,506,348",81,Angel Studios,2024-05-27
28,29,29,Boy Kills World,$8,-97%,-89.6%,4,$2,"$2,625,968",32,Roadside Attractions,2024-05-27
0,1,3,Furiosa: A Mad Max Saga,"$2,947,840",-51%,-,"3,804",$774,"$35,290,985",5,Warner Bros.,2024-05-28
1,2,1,The Garfield Movie,"$2,682,060",-63%,-,"4,035",$664,"$33,937,965",5,Sony Pictures Releasing,2024-05-28
2,3,2,IF,"$1,945,584",-68.4%,-32%,"4,068",$478,"$66,821,676",12,Paramount Pictures,2024-05-28
3,4,4,Kingdom of the Planet of the Apes,"$1,661,664",-60.7%,-41.8%,"3,550",$468,"$128,729,937",19,20th Century Studios,2024-05-28
4,5,6,The Strangers: Chapter 1,"$771,561",-46.2%,-34.3%,"2,856",$270,"$23,521,925",12,Lionsgate Films,2024-05-28
5,6,5,The Fall Guy,"$761,820",-60.5%,-28.5%,"2,955",$257,"$74,953,670",26,Universal Pictures,2024-05-28
6,7,7,Sight,"$487,976",-49.3%,-,"2,100",$232,"$4,246,244",5,Angel Studios,2024-05-28
7,8,8,Challengers,"$254,162",-47.2%,-50.9%,"1,089",$233,"$47,244,812",33,United Artists Releasing,2024-05-28
8,9,9,Back to Black,"$183,220",-47.9%,-48.8%,"2,013",$91,"$5,521,315",12,Focus Features,2024-05-28
9,10,11,Babes,"$121,158",-51.7%,+529.5%,595,$203,"$1,659,615",12,-,2024-05-28
10,11,12,Tarot,"$105,412",-41.8%,-56%,864,$122,"$17,325,529",26,Screen Gems,2024-05-28
11,12,13,Godzilla x Kong: The New Empire,"$70,081",-59.4%,-54.4%,664,$105,"$195,752,396",61,Warner Bros.,2024-05-28
12,13,14,Unsung Hero,"$48,459",-65.6%,-73.3%,530,$91,"$20,000,329",33,Lionsgate Films,2024-05-28
13,14,10,Columbia 100th Anniversary SeriesColumbia 100th Anniversary Series,"$33,354",-87.6%,-10.8%,466,$71,"$5,266,853",44,Sony Pictures Releasing,2024-05-28
14,15,17,Kung Fu Panda 4,"$29,075",-66.7%,-70.4%,485,$59,"$193,371,760",82,Universal Pictures,2024-05-28
15,16,16,The Blue Angels,"$27,260",-73.4%,-86.9%,450,$60,"$2,435,510",12,-,2024-05-28
16,17,19,Escape from Germany,"$18,413",-62.8%,-42%,49,$375,"$2,241,229",47,Susan Tuckett Media,2024-05-28
17,18,20,Ghostbusters: Frozen Empire,"$13,098",-46.7%,-63%,228,$57,"$112,727,645",68,Sony Pictures Releasing,2024-05-28
18,19,21,The Ministry of Ungentlemanly Warfare,"$7,025",-67.8%,-79.9%,100,$70,"$20,523,421",40,Lionsgate Films,2024-05-28
19,20,22,Abigail,"$6,665",-47.5%,-84.3%,109,$61,"$25,858,195",40,Universal Pictures,2024-05-28
20,21,23,La Chimera,"$3,252",-56.6%,-20%,15,$216,"$850,423",61,-,2024-05-28
21,22,24,Star Wars: Episode I - The Phantom Menace2024 Re-release,"$1,953",-73.7%,-90.2%,70,$27,"$13,025,657",26,Walt Disney Studios Motion Pictures,2024-05-28
22,23,-,Star Wars: Episode I - The Phantom Menace2012 3D Release,"$1,953",-,-,1,"$1,953","$43,458,335","4,492",Twentieth Century Fox,2024-05-28
23,24,25,Spy x Family Code: White,"$1,426",-34.3%,-69.8%,10,$142,"$8,108,481",40,Crunchyroll,2024-05-28
24,25,27,The Lavender Hill Mob,$314,-50.2%,-42.6%,2,$157,"$15,731",19,Rialto Pictures,2024-05-28
25,26,29,Boy Kills World,$131,"+1,537.5%",+21.3%,4,$32,"$2,626,099",33,Roadside Attractions,2024-05-28
26,27,26,The First Omen,$130,-88.2%,-96%,75,$1,"$20,092,535",54,Walt Disney Studios Motion Pictures,2024-05-28
0,1,1,Furiosa: A Mad Max Saga,"$1,900,519",-35.5%,-,"3,804",$499,"$37,191,504",6,Warner Bros.,2024-05-29
1,2,2,The Garfield Movie,"$1,781,979",-33.6%,-,"4,035",$441,"$35,719,944",6,Sony Pictures Releasing,2024-05-29
2,3,3,IF,"$1,376,948",-29.2%,-23.7%,"4,068",$338,"$68,198,624",13,Paramount Pictures,2024-05-29
3,4,4,Kingdom of the Planet of the Apes,"$1,255,031",-24.5%,-31.6%,"3,550",$353,"$129,984,968",20,20th Century Studios,2024-05-29
4,5,5,The Strangers: Chapter 1,"$645,735",-16.3%,-23.7%,"2,856",$226,"$24,167,660",13,Lionsgate Films,2024-05-29
5,6,6,The Fall Guy,"$564,810",-25.9%,-23.6%,"2,955",$191,"$75,518,480",27,Universal Pictures,2024-05-29
6,7,7,Sight,"$300,023",-38.5%,-,"2,100",$142,"$4,546,267",6,Angel Studios,2024-05-29
7,8,8,Challengers,"$219,206",-13.8%,-45.7%,"1,089",$201,"$47,464,018",34,United Artists Releasing,2024-05-29
8,9,9,Back to Black,"$135,010",-26.3%,-42.4%,"2,013",$67,"$5,656,325",13,Focus Features,2024-05-29
9,10,10,Babes,"$106,055",-12.5%,+516.8%,595,$178,"$1,765,670",13,-,2024-05-29
10,11,11,Tarot,"$93,720",-11.1%,-56.8%,864,$108,"$17,419,249",27,Screen Gems,2024-05-29
11,12,12,Godzilla x Kong: The New Empire,"$56,407",-19.5%,-56.7%,664,$84,"$195,808,803",62,Warner Bros.,2024-05-29
12,13,13,Unsung Hero,"$35,069",-27.6%,-70.7%,530,$66,"$20,035,398",34,Lionsgate Films,2024-05-29
13,14,15,Kung Fu Panda 4,"$27,530",-5.3%,-69.4%,485,$56,"$193,399,290",83,Universal Pictures,2024-05-29
14,15,16,The Blue Angels,"$25,512",-6.4%,-85.4%,450,$56,"$2,461,022",13,-,2024-05-29
15,16,14,Columbia 100th Anniversary SeriesColumbia 100th Anniversary Series,"$24,336",-27%,-4.9%,466,$52,"$5,291,189",45,Sony Pictures Releasing,2024-05-29
16,17,17,Escape from Germany,"$14,186",-23%,-36.4%,49,$289,"$2,255,415",48,Susan Tuckett Media,2024-05-29
17,18,18,Ghostbusters: Frozen Empire,"$7,213",-44.9%,-78.1%,228,$31,"$112,734,858",69,Sony Pictures Releasing,2024-05-29
18,19,19,The Ministry of Ungentlemanly Warfare,"$6,358",-9.5%,-78.1%,100,$63,"$20,529,779",41,Lionsgate Films,2024-05-29
19,20,20,Abigail,"$5,105",-23.4%,-86.7%,109,$46,"$25,863,300",41,Universal Pictures,2024-05-29
20,21,21,La Chimera,"$5,068",+55.8%,+4.6%,15,$337,"$855,491",62,-,2024-05-29
21,22,22,Star Wars: Episode I - The Phantom Menace2024 Re-release,"$2,262",+15.8%,-89.4%,70,$32,"$13,027,919",27,Walt Disney Studios Motion Pictures,2024-05-29
22,23,24,Spy x Family Code: White,$797,-44.1%,-82.6%,10,$79,"$8,109,278",41,Crunchyroll,2024-05-29
23,24,25,The Lavender Hill Mob,$240,-23.6%,-15.5%,2,$120,"$15,971",20,Rialto Pictures,2024-05-29
24,25,27,The First Omen,$218,+67.7%,-90.6%,75,$2,"$20,092,753",55,Walt Disney Studios Motion Pictures,2024-05-29
0,1,2,The Garfield Movie,"$1,852,387",+4%,-,"4,035",$459,"$37,572,331",7,Sony Pictures Releasing,2024-05-30
1,2,1,Furiosa: A Mad Max Saga,"$1,726,115",-9.2%,-,"3,804",$453,"$38,917,619",7,Warner Bros.,2024-05-30
2,3,3,IF,"$1,430,326",+3.9%,-17%,"4,068",$351,"$69,628,950",14,Paramount Pictures,2024-05-30
3,4,4,Kingdom of the Planet of the Apes,"$1,211,091",-3.5%,-25.2%,"3,550",$341,"$131,196,059",21,20th Century Studios,2024-05-30
4,5,5,The Strangers: Chapter 1,"$598,180",-7.4%,-30.6%,"2,856",$209,"$24,765,840",14,Lionsgate Films,2024-05-30
5,6,6,The Fall Guy,"$566,925",+0.4%,-19.9%,"2,955",$191,"$76,085,405",28,Universal Pictures,2024-05-30
6,7,7,Sight,"$256,843",-14.4%,-,"2,100",$122,"$4,803,110",7,Angel Studios,2024-05-30
7,8,8,Challengers,"$161,526",-26.3%,-49.1%,"1,089",$148,"$47,625,544",35,United Artists Releasing,2024-05-30
8,9,9,Back to Black,"$96,685",-28.4%,-50.8%,"2,013",$48,"$5,753,010",14,Focus Features,2024-05-30
9,10,10,Babes,"$84,823",-20%,+593.2%,595,$142,"$1,850,493",14,-,2024-05-30
10,11,11,Tarot,"$70,143",-25.2%,-52.6%,864,$81,"$17,489,392",28,Screen Gems,2024-05-30
11,12,12,Godzilla x Kong: The New Empire,"$47,690",-15.5%,-55.3%,664,$71,"$195,856,493",63,Warner Bros.,2024-05-30
12,13,13,Unsung Hero,"$28,959",-17.4%,-69.8%,530,$54,"$20,064,357",35,Lionsgate Films,2024-05-30
13,14,14,Kung Fu Panda 4,"$26,065",-5.3%,-64%,485,$53,"$193,425,355",84,Universal Pictures,2024-05-30
14,15,16,Columbia 100th Anniversary SeriesColumbia 100th Anniversary Series,"$21,094",-13.3%,-13.3%,466,$45,"$5,312,283",46,Sony Pictures Releasing,2024-05-30
15,16,15,The Blue Angels,"$17,597",-31%,-82.8%,450,$39,"$2,478,619",14,-,2024-05-30
16,17,18,Ghostbusters: Frozen Empire,"$13,297",+84.3%,-46.3%,228,$58,"$112,748,155",70,Sony Pictures Releasing,2024-05-30
17,18,17,Escape from Germany,"$10,021",-29.4%,-41.5%,49,$204,"$2,265,436",49,Susan Tuckett Media,2024-05-30
18,19,19,The Ministry of Ungentlemanly Warfare,"$5,274",-17%,-71.1%,100,$52,"$20,535,053",42,Lionsgate Films,2024-05-30
19,20,21,La Chimera,"$4,774",-5.8%,+34.6%,15,$318,"$860,265",63,-,2024-05-30
20,21,20,Abigail,"$4,215",-17.4%,-85.3%,109,$38,"$25,867,515",42,Universal Pictures,2024-05-30
21,22,22,Star Wars: Episode I - The Phantom Menace2024 Re-release,"$2,075",-8.3%,-84.1%,70,$29,"$13,029,994",28,Walt Disney Studios Motion Pictures,2024-05-30
22,23,23,Spy x Family Code: White,$764,-4.1%,-76.3%,10,$76,"$8,110,042",42,Crunchyroll,2024-05-30
23,24,24,The Lavender Hill Mob,$390,+62.5%,+2.6%,2,$195,"$16,361",21,Rialto Pictures,2024-05-30
24,25,25,The First Omen,$49,-77.5%,-98.8%,75,$0,"$20,092,802",56,Walt Disney Studios Motion Pictures,2024-05-30
25,26,-,Boy Kills World,$28,-,-61.6%,4,$7,"$2,626,127",35,Roadside Attractions,2024-05-30
0,1,1,The Garfield Movie,"$3,760,000",+103%,-55.3%,"4,108",$915,"$41,332,331",8,Sony Pictures Releasing,2024-05-31
1,2,2,Furiosa: A Mad Max Saga,"$3,050,000",+76.7%,-70.5%,"3,864",$789,"$41,967,619",8,Warner Bros.,2024-05-31
2,3,3,IF,"$2,880,000",+101.4%,-33.3%,"3,783",$761,"$72,508,950",15,Paramount Pictures,2024-05-31
3,4,4,Kingdom of the Planet of the Apes,"$2,400,000",+98.2%,-29.4%,"3,450",$695,"$133,596,059",22,20th Century Studios,2024-05-31
4,5,-,Haikyuu!! The Dumpster Battle,"$1,915,000",-,-,"1,119","$1,711","$1,915,000",1,Crunchyroll,2024-05-31
5,6,6,The Fall Guy,"$1,220,000",+115.2%,-24.8%,"2,826",$431,"$77,305,405",29,Universal Pictures,2024-05-31
6,7,5,The Strangers: Chapter 1,"$1,100,000",+83.9%,-33.4%,"2,527",$435,"$25,865,840",15,Lionsgate Films,2024-05-31
7,8,-,In a Violent Nature,"$1,022,952",-,-,"1,426",$717,"$1,022,952",1,IFC Films,2024-05-31
8,9,-,Ezra,"$571,590",-,-,"1,320",$433,"$571,590",1,Bleecker Street Media,2024-05-31
9,10,-,Young Woman and the Sea,"$500,000",-,-,-,-,"$500,000",1,Walt Disney Studios Motion Pictures,2024-05-31
10,11,-,Summer Camp,"$390,250",-,-,"1,787",$218,"$390,250",1,Roadside Attractions,2024-05-31
11,12,10,Babes,"$380,000",+348%,-21%,"1,118",$339,"$2,230,493",15,-,2024-05-31
12,13,7,Sight,"$310,498",+20.9%,-71.8%,"2,118",$146,"$5,113,608",8,Angel Studios,2024-05-31
13,14,11,Tarot,"$122,000",+73.9%,-40.5%,503,$242,"$17,611,392",29,Screen Gems,2024-05-31
14,15,-,I Saw the TV Glow,"$106,540",-,-32.4%,292,$364,"$3,323,676",29,A24,2024-05-31
15,16,9,Back to Black,"$76,000",-21.4%,-75.1%,672,$113,"$5,829,010",15,Focus Features,2024-05-31
16,17,-,Civil War,"$49,875",-,-36.8%,235,$212,"$68,309,305",50,A24,2024-05-31
17,18,13,Unsung Hero,"$36,000",+24.3%,-55.1%,288,$125,"$20,100,357",36,Lionsgate Films,2024-05-31
18,19,14,Kung Fu Panda 4,"$32,000",+22.8%,-48%,215,$148,"$193,457,355",85,Universal Pictures,2024-05-31
19,20,18,Escape from Germany,"$19,109",+90.7%,-26.1%,45,$424,"$2,284,545",50,Susan Tuckett Media,2024-05-31
20,21,-,Robot Dreams,"$17,752",-,-,2,"$8,876","$17,752",1,-,2024-05-31
21,22,-,Handling the Undead,"$2,862",-,-,1,"$2,862","$2,862",1,-,2024-05-31
0,1,1,The Garfield Movie,"$5,795,000",+54.1%,-29.6%,"4,108","$1,410","$47,127,331",9,Sony Pictures Releasing,2024-06-01
1,2,2,Furiosa: A Mad Max Saga,"$4,400,000",+44.3%,-47.3%,"3,864","$1,138","$46,367,619",9,Warner Bros.,2024-06-01
2,3,3,IF,"$4,390,000",+52.4%,-28.4%,"3,783","$1,160","$76,898,950",16,Paramount Pictures,2024-06-01
3,4,4,Kingdom of the Planet of the Apes,"$3,700,000",+54.2%,-27.4%,"3,450","$1,072","$137,296,059",23,20th Century Studios,2024-06-01
4,5,6,The Fall Guy,"$1,750,000",+43.4%,-23.7%,"2,826",$619,"$79,055,405",30,Universal Pictures,2024-06-01
5,6,7,The Strangers: Chapter 1,"$1,485,000",+35%,-28.5%,"2,527",$587,"$27,350,840",16,Lionsgate Films,2024-06-01
6,7,5,Haikyuu!! The Dumpster Battle,"$950,000",-50.4%,-,"1,119",$848,"$2,865,000",2,Crunchyroll,2024-06-01
7,8,8,In a Violent Nature,"$645,819",-36.9%,-,"1,426",$452,"$1,668,771",2,IFC Films,2024-06-01
8,9,13,Sight,"$424,340",+36.7%,-52.1%,"2,118",$200,"$5,537,948",9,Angel Studios,2024-06-01
9,10,11,Summer Camp,"$395,835",+1.4%,-,"1,787",$221,"$786,085",2,Roadside Attractions,2024-06-01
10,11,9,Ezra,"$370,904",-35.1%,-,"1,320",$280,"$942,494",2,Bleecker Street Media,2024-06-01
11,12,12,Babes,"$280,000",-26.3%,-6.6%,"1,118",$250,"$2,510,493",16,-,2024-06-01
12,13,14,Tarot,"$168,000",+37.7%,-42.5%,503,$333,"$17,779,392",30,Screen Gems,2024-06-01
13,14,15,I Saw the TV Glow,"$140,160",+31.6%,-23.3%,292,$480,"$3,463,836",30,A24,2024-06-01
14,15,16,Back to Black,"$100,000",+31.6%,-75%,672,$148,"$5,929,010",16,Focus Features,2024-06-01
15,16,17,Civil War,"$70,565",+41.5%,-39.6%,235,$300,"$68,379,870",51,A24,2024-06-01
16,17,18,Unsung Hero,"$53,500",+48.6%,-51.1%,288,$185,"$20,153,857",37,Lionsgate Films,2024-06-01
17,18,19,Kung Fu Panda 4,"$44,000",+37.5%,-52.9%,215,$204,"$193,501,355",86,Universal Pictures,2024-06-01
18,19,20,Escape from Germany,"$23,343",+22.2%,-46.8%,45,$518,"$2,307,888",51,Susan Tuckett Media,2024-06-01
19,20,21,Robot Dreams,"$8,184",-53.9%,-,2,"$4,092","$25,936",2,-,2024-06-01
20,21,22,Handling the Undead,"$3,069",+7.2%,-,1,"$3,069","$5,931",2,-,2024-06-01
0,1,1,The Garfield Movie,"$4,445,000",-23.3%,-39.7%,"4,108","$1,082","$51,572,331",10,Sony Pictures Releasing,2024-06-02
1,2,3,IF,"$3,530,000",-19.6%,-38%,"3,783",$933,"$80,429,950",17,Paramount Pictures,2024-06-02
2,3,2,Furiosa: A Mad Max Saga,"$3,300,000",-25%,-56.7%,"3,864",$854,"$49,667,619",10,Warner Bros.,2024-06-02
3,4,4,Kingdom of the Planet of the Apes,"$2,700,000",-27%,-44.9%,"3,450",$782,"$139,996,059",24,20th Century Studios,2024-06-02
4,5,5,The Fall Guy,"$1,230,000",-29.7%,-40.2%,"2,826",$435,"$80,285,405",31,Universal Pictures,2024-06-02
5,6,6,The Strangers: Chapter 1,"$1,015,000",-31.6%,-45.2%,"2,527",$401,"$28,365,840",17,Lionsgate Films,2024-06-02
6,7,7,Haikyuu!! The Dumpster Battle,"$635,000",-33.2%,-,"1,119",$567,"$3,500,000",3,Crunchyroll,2024-06-02
7,8,8,In a Violent Nature,"$450,229",-30.3%,-,"1,426",$315,"$2,119,000",3,IFC Films,2024-06-02
8,9,9,Sight,"$350,080",-17.5%,-56.7%,"2,118",$165,"$5,888,028",10,Angel Studios,2024-06-02
9,10,10,Summer Camp,"$277,085",-30%,-,"1,787",$155,"$1,063,170",3,Roadside Attractions,2024-06-02
10,11,12,Babes,"$250,000",-10.7%,-10.4%,"1,118",$223,"$2,760,493",17,-,2024-06-02
11,12,11,Ezra,"$241,087",-35%,-,"1,320",$182,"$1,183,581",3,Bleecker Street Media,2024-06-02
12,13,14,I Saw the TV Glow,"$112,128",-20%,-35.4%,292,$384,"$3,575,964",31,A24,2024-06-02
13,14,13,Tarot,"$110,000",-34.5%,-58.2%,503,$218,"$17,889,392",31,Screen Gems,2024-06-02
14,15,15,Back to Black,"$74,000",-26%,-80.6%,672,$110,"$6,003,010",17,Focus Features,2024-06-02
15,16,16,Civil War,"$52,924",-25%,-52.3%,235,$225,"$68,432,794",52,A24,2024-06-02
16,17,17,Unsung Hero,"$36,500",-31.8%,-66.1%,288,$126,"$20,190,357",38,Lionsgate Films,2024-06-02
17,18,18,Kung Fu Panda 4,"$33,000",-25%,-59.7%,215,$153,"$193,535,000",87,Universal Pictures,2024-06-02
18,19,20,Robot Dreams,"$6,600",-19.4%,-,2,"$3,300","$32,536",3,-,2024-06-02
19,20,19,Escape from Germany,"$2,500",-89.3%,-42.7%,35,$71,"$2,311,067",52,Susan Tuckett Media,2024-06-02
20,21,21,Handling the Undead,"$2,100",-31.6%,-,1,"$2,100","$8,031",3,-,2024-06-02
